team,elo
Spain,2165
Argentina,2113
France,2081
England,2020
Brazil,1984
Portugal,1984
Colombia,1975
Netherlands,1961
Ecuador,1933
Croatia,1930
Germany,1923
Norway,1912
Japan,1904
Türkiye,1902
Uruguay,1892
Switzerland,1889
Senegal,1878
Denmark,1869
Belgium,1867
Mexico,1858
Italy,1856
Paraguay,1833
Austria,1827
Morocco,1821
Canada,1784
Australia,1783
Russia,1776
Serbia,1769
Scotland,1767
Ukraine,1767
Iran,1760
Korea Republic,1752
Nigeria,1752
Greece,1752
Algeria,1743
Panama,1737
Poland,1729
Uzbekistan,1727
Venezuela,1727
Czech Republic,1726
United States,1721
Kosovo,1721
Sweden,1719
Chile,1710
Hungary,1703
Wales,1698
Peru,1695
Slovenia,1694
Ireland,1692
Jordan,1690
Egypt,1689
Côte d'Ivoire,1676
Slovakia,1673
Congo DR,1655
Georgia,1653
Albania,1646
Bolivia,1645
Tunisia,1636
Israel,1634
Romania,1627
Costa Rica,1614
Cameroon,1614
Iraq,1607
Northern Ireland,1601
Mali,1596
Bosnia and Herzegovina,1594
North Macedonia,1589
New Zealand,1585
Honduras,1571
Iceland,1571
Saudi Arabia,1568
Cape Verde,1549
Angola,1543
Finland,1542
United Arab Emirates,1540
Jamaica,1535
Haiti,1532
Burkina Faso,1530
South Africa,1524
Guatemala,1515
Belarus,1513
Ghana,1505
Syria,1491
Oman,1490
Bulgaria,1475
Guinea,1469
Palestine,1469
Northern Cyprus,1457
Montenegro,1439
Curaçao,1436
Luxembourg,1436
Suriname,1431
Kazakhstan,1430
Benin,1429
Qatar,1425
Kurdistan,1424
China,1423
Gambia,1423
Libya,1420
Bahrain,1418
Gabon,1401
Uganda,1394
Niger,1393
Trinidad and Tobago,1392
Equatorial Guinea,1390
Madagascar,1382
Faroe Islands,1382
Armenia,1379
Thailand,1376
North Korea,1375
Mozambique,1372
Zimbabwe,1371
Zambia,1370
Comoros,1362
Togo,1358
Kenya,1356
Vietnam,1351
Sudan,1350
Sierra Leone,1348
Reunion,1345
El Salvador,1342
Azerbaijan,1340
Estonia,1339
Guadeloupe,1338
Rwanda,1336
Lebanon,1333
Indonesia,1331
Kuwait,1328
Nicaragua,1327
Zanzibar,1321
Tanzania,1313
Martinique,1312
Mauritania,1311
Namibia,1303
Latvia,1301
Cyprus,1301
Liberia,1296
Malaysia,1293
Guyana,1292
Kyrgyzstan,1291
Lithuania,1290
Burundi,1286
New Caledonia,1286
Tajikistan,1285
Ethiopia,1285
Dominican Republic,1284
Botswana,1267
Moldova,1262
Guinea-Bissau,1248
Malawi,1241
Cuba,1239
Central African Republic,1237
Malta,1237
French Guiana,1223
Mayotte,1216
Turkmenistan,1209
Congo,1207
Lesotho,1205
Eritrea,1201
Tahiti,1176
Philippines,1167
Yemen,1151
Eswatini,1149
Saint Vincent and the Grenadines,1141
India,1138
Puerto Rico,1138
Singapore,1137
Papua New Guinea,1135
Hong Kong,1120
Bermuda,1119
Vanuatu,1114
South Sudan,1109
Fiji,1108
Grenada,1098
Andorra,1077
Mauritius,1073
Chad,1073
Belize,1073
Solomon Islands,1054
Saint Martin,1042
Sao Tome and Principe,1035
Saint Kitts and Nevis,1029
Afghanistan,1011
Somaliland,1005
Saint Lucia,1003
Gibraltar,1002
Western Sahara,996
Myanmar,982
Aruba,979
Somalia,979
Sint Maarten,975
Montserrat,971
Greenland,946
Djibouti,940
Dominica,934
Bangladesh,932
Liechtenstein,904
Monaco,903
Barbados,898
Antigua and Barbuda,894
Nepal,893
Seychelles,853
Maldives,848
Cambodia,844
San Marino,836
Bonaire,836
Sri Lanka,827
Taiwan,821
Pakistan,812
Cayman Islands,805
Chagos Islands,782
Tuvalu,756
Sint Eustatius,737
Laos,734
Mongolia,729
Samoa,728
British Virgin Islands,727
Saint Barthelemy,725
Guam,718
Wallis and Futuna,699
Vatican,692
Saba,691
Bahamas,685
Saint Pierre and Miquelon,677
East Timor,673
Turks and Caicos Islands,657
Anguilla,646
Bhutan,636
Brunei,633
Tibet,629
US Virgin Islands,628
Cook Islands,622
Macao,588
Christmas Island,578
Falkland Islands,571
FS Micronesia,563
Marshall Islands,559
Kiribati,544
Tonga,520
Niue,496
Northern Mariana Islands,432
Cocos Islands,422
Palau,402
Eastern Samoa,369
